id,name,host_id,host_name,neighbourhood_group,neighbourhood,latitude,longitude,room_type,price,minimum_nights,number_of_reviews,last_review,reviews_per_month,calculated_host_listings_count,availability_365,number_of_reviews_ltm,license
199568,Guest suite in Salem · ★4.90 · 1 bedroom · 1 bed · 1 bath,974919,Sara,,Ward 1,44.95192,-123.05614,Entire home/apt,95,3,198,2023-07-30,1.35,1,18,11,
5021839,Home in Salem · ★5.0 · 2 bedrooms · 2 beds · 1 bath,25909376,Sean,,Ward 7,44.90964,-123.04896,Entire home/apt,120,3,3,2023-03-24,0.32,1,0,3,
7293821,Guest suite in Salem · ★4.95 · Studio · 1 bed · 1 bath,38202007,Julie,,Ward 7,44.92547,-123.04879,Entire home/apt,103,2,394,2023-07-24,3.96,1,79,18,
8524259,Home in Salem · ★5.0 · 1 bedroom · 1 bed · 1 shared bath,2421461,Nancy,,Ward 7,44.88991,-123.06846,Private room,65,1,3,2021-04-21,0.04,2,321,0,
8698684,Home in Salem · ★4.80 · 3 bedrooms · 3 beds · 1 bath,3208932,Christy,,Ward 2,44.93312,-123.02016,Entire home/apt,225,3,89,2023-01-01,0.95,3,0,1,
9477671,Guesthouse in Salem · ★4.97 · 1 bedroom · 1 bed · 1 bath,14797761,Leigh,,Ward 1,44.95675,-123.02419,Entire home/apt,91,1,704,2023-09-08,8.13,1,0,94,
10074172,Home in Salem · ★4.47 · 1 bedroom · 1 bed · 1.5 shared baths,51689419,Nick,,Ward 1,44.94404,-123.0128,Private room,79,1,163,2023-07-23,1.75,4,180,1,
11362008,Home in Salem · ★4.88 · 1 bedroom · 1 bed · 1 shared bath,3208932,Christy,,Ward 2,44.93207,-123.02118,Private room,49,1,536,2023-09-12,5.93,3,145,101,
12588161,Home in Salem · ★4.88 · 1 bedroom · 1 bed · 1 shared bath,68279432,Sharon,,Ward 2,44.91142,-123.03245,Private room,42,3,86,2023-09-13,0.96,1,285,15,
12892550,Home in Salem · ★4.41 · 1 bedroom · 2 beds · 1.5 shared baths,972844,Julia,,Ward 1,44.94406,-123.01257,Private room,84,1,141,2023-07-23,1.58,1,180,2,
13620753,Home in Salem · ★4.96 · 1 bedroom · 2 beds · 1 private bath,78890374,Bob & Delia,,Ward 8,44.96082,-123.06966,Private room,73,1,524,2023-09-11,5.95,1,347,70,
13960938,Home in Salem · ★4.86 · 2 bedrooms · 2 beds · 1 private bath,19196434,Maria,,Ward 7,44.90192,-123.05814,Private room,69,3,223,2023-08-30,2.60,1,252,32,
14017093,Home in Salem · ★4.94 · 1 bedroom · 1 bed · 1 shared bath,74488167,Casey,,Ward 2,44.9213,-123.03834,Private room,67,1,242,2023-09-15,2.77,1,55,10,
14077210,Guesthouse in Salem · ★4.99 · Studio · 1 bed · 1 bath,2666789,Mary Lou,,Ward 7,44.92475,-123.04907,Entire home/apt,111,2,284,2023-09-08,3.27,1,42,22,
14556351,Home in Salem · ★4.84 · 5 bedrooms · 7 beds · 3.5 baths,83848627,Matthew,,Ward 2,44.91507,-123.04065,Entire home/apt,365,2,130,2023-08-27,1.51,1,314,13,
15272064,Home in Salem · ★4.95 · 1 bedroom · 1 bed · 1 private bath,49073704,Elizabeth,,Ward 2,44.91113,-123.04217,Private room,88,1,834,2023-09-16,9.87,5,84,101,
15815105,Home in Salem · ★4.96 · 1 bedroom · 1 bed · 1 private bath,49073704,Elizabeth,,Ward 2,44.91015,-123.04219,Private room,103,1,584,2023-09-17,7.02,5,81,86,
16001174,Rental unit in Salem · 1 bedroom · 1 bed · 1 bath,102278503,Victoria,,Ward 2,44.925816,-123.032356,Entire home/apt,89,60,2,2022-07-10,0.04,6,274,0,
16690039,Home in Salem · ★4.89 · 1 bedroom · 1 bed · 1 shared bath,3208932,Christy,,Ward 2,44.93099,-123.01964,Private room,44,1,432,2023-08-29,5.31,3,139,129,
17111184,Home in Salem · ★5.0 · 1 bedroom · 1 bed · 1 shared bath,10502090,Jean,,Ward 2,44.93262,-123.02136,Private room,118,2,30,2023-09-10,0.38,3,356,4,
17238122,Rental unit in Salem · ★3.88 · 1 bedroom · 1 bed · 1 bath,102278503,Victoria,,Ward 2,44.92538,-123.03349,Entire home/apt,70,60,8,2023-08-13,0.22,6,274,3,
18004141,Rental unit in Salem · ★4.89 · 1 bedroom · 1 bed · 1 shared bath,104708472,Sara And Adam,,Ward 8,44.93277,-123.07673,Private room,50,1,62,2023-09-17,4.51,2,359,44,
18979869,Home in Salem · 1 bedroom · 1 bed · 1 shared bath,16355487,Sandy & Ben,,Ward 8,44.97377,-123.0755,Private room,76,30,1,2017-08-21,0.01,1,83,0,
19144944,Guest suite in Salem · ★4.96 · 1 bedroom · 1 bed · 1 bath,133856626,Diane,,Ward 3,44.88754,-122.95042,Entire home/apt,80,2,308,2023-09-11,4.12,1,91,47,
19488223,Cottage in Salem · ★4.73 · 2 bedrooms · 5 beds · 1 bath,136789901,Greg,,Ward 2,44.93075,-123.018797,Entire home/apt,133,2,30,2023-09-08,3.86,1,355,30,
19508454,Home in Salem · ★5.0 · 4 bedrooms · 5 beds · 2.5 baths,106768472,Amy,,Ward 4,44.87142,-123.01223,Entire home/apt,500,3,10,2023-07-30,0.14,1,8,4,
19532562,Home in Salem · 1 bedroom · 1 bed · 1 bath,134427390,Nathan,,Ward 1,44.93746,-123.02308,Entire home/apt,1000,2,1,2017-08-21,0.01,1,0,0,
19840044,Rental unit in Salem · ★4.98 · 1 bedroom · 1 bed · 1 bath,17012934,Chuck & Lorie,,Ward 7,44.89607,-123.06258,Entire home/apt,98,3,188,2023-08-30,2.53,1,229,25,
19983672,Townhouse in Salem · 1 bedroom · 1 bed · 1 shared bath,141740262,Megan,,Ward 4,44.85864,-123.021,Private room,65,2,1,2017-08-22,0.01,1,173,0,
20011950,Home in Salem · 1 bedroom · 1 bed · 1.5 baths,2421461,Nancy,,Ward 7,44.89219,-123.06835,Private room,90,1,1,2017-08-23,0.01,2,103,0,
20014682,Home in Salem · 1 bedroom · 1 bed · 1 shared bath,93510253,Lindsey,,Ward 2,44.92118,-123.03929,Private room,301,2,0,,,2,0,0,
20015604,Home in Salem · 1 bedroom · 1 bed · 1 shared bath,93510253,Lindsey,,Ward 2,44.92183,-123.03875,Private room,249,2,1,2017-08-22,0.01,2,0,0,
20035307,Home in Salem · ★4.93 · 1 bedroom · 1 bed · 1 bath,90246105,Susan,,Ward 1,44.95115,-123.01415,Entire home/apt,85,2,135,2023-08-29,1.82,1,161,12,
20072558,Guesthouse in Salem · ★4.85 · 1 bedroom · 1 bed · 1 bath,142659171,Judy,,Ward 8,44.94098,-123.0816,Entire home/apt,81,3,144,2023-09-11,1.95,1,338,28,
20231503,Home in Salem · ★4.93 · 1 bedroom · 1 bed · 1 private bath,49073704,Elizabeth,,Ward 2,44.91053,-123.04228,Private room,91,1,401,2023-09-11,5.40,5,81,77,
20232827,Home in Salem · ★4.88 · 3 bedrooms · 4 beds · 2 baths,144041038,Ligali,,Ward 3,44.89706,-123.04828,Entire home/apt,176,2,195,2023-09-01,2.71,2,147,35,
20235110,Home in Salem · ★4.82 · 3 bedrooms · 4 beds · 2 baths,144041038,Ligali,,Ward 4,44.87536,-123.06243,Entire home/apt,171,2,17,2023-08-19,1.65,2,161,17,
20329857,Rental unit in Salem · 1 bedroom · 1 bed · 1 bath,144680856,Patricia,,Ward 2,44.92144,-123.03041,Entire home/apt,1000,2,0,,,1,0,0,
20455186,Home in Salem · 5 bedrooms · 3 beds · 2 baths,146014773,Tim,,Ward 4,44.86729,-123.03919,Entire home/apt,750,1,1,2017-08-21,0.01,1,89,0,
20537027,Home in Salem · 1 bedroom · 1 bed · 1 shared bath,62669634,Lynne,,Ward 7,44.873,-123.07645,Private room,175,2,0,,,1,0,0,
20555651,Home in Salem · ★4.88 · 1 bedroom · 1 bed · 1 private bath,49073704,Elizabeth,,Ward 2,44.91053,-123.04374,Private room,55,1,113,2022-06-04,1.53,5,0,0,
20638909,Home in Salem · ★5.0 · 2 bedrooms · 4 beds · 2 baths,121688409,Evolve,,Ward 1,44.93725,-123.01751,Entire home/apt,209,2,13,2023-07-07,0.20,5,291,6,
20769206,Home in Salem · ★5.0 · 1 bedroom · 1 bed · 1 shared bath,148795009,Evelyn,,Ward 2,44.92046,-123.03606,Private room,37,3,31,2023-07-01,0.43,2,357,7,
20843302,Home in Salem · ★5.0 · 1 bedroom · 1 bed · 1.5 shared baths,121661305,Don,,Ward 4,44.87828,-123.01769,Private room,34,28,14,2023-02-22,0.19,2,352,1,
22215712,Home in Salem · ★4.84 · 1 bedroom · 1 bed · 1 private bath,161312832,Emily,,Ward 4,44.87868,-123.03944,Private room,65,1,352,2023-09-10,5.05,1,251,57,
23234197,Home in Salem · ★4.91 · 2 bedrooms · 2 beds · 2 baths,9643500,Jason,,Ward 4,44.87166,-123.03452,Entire home/apt,151,2,155,2023-08-15,2.34,1,56,38,
23320790,Home in Salem · ★5.0 · 1 bedroom · 1 bed · 1.5 shared baths,121661305,Don,,Ward 4,44.87754,-123.0186,Private room,34,28,10,2023-09-02,0.21,2,296,4,
24019630,Home in Salem · ★4.92 · 2 bedrooms · 2 beds · 1 private bath,10502090,Jean,,Ward 2,44.93258,-123.02038,Private room,166,2,24,2023-07-24,0.36,3,347,3,
24373913,Bungalow in Salem · ★4.88 · 1 bedroom · 1 bed · 1 shared bath,67196252,Marissa,,Ward 1,44.9499,-123.02577,Private room,60,1,56,2023-09-13,0.90,1,43,32,
24377106,Guesthouse in Salem · ★4.70 · Studio · 1 bed · 1 bath,136123864,Jim,,Ward 1,44.94504,-123.01961,Entire home/apt,79,2,10,2023-09-10,0.15,1,352,4,
24780208,Guesthouse in Salem · ★4.92 · 1 bedroom · 2 beds · 1 bath,49073704,Elizabeth,,Ward 2,44.91033,-123.04212,Entire home/apt,148,1,549,2023-09-16,8.39,5,71,80,
27546916,Bungalow in Salem · ★4.88 · 2 bedrooms · 2 beds · 1 bath,31303377,Sarita,,Ward 7,44.92812,-123.04918,Entire home/apt,144,2,53,2023-06-23,0.86,1,330,13,
30340285,Home in Salem · ★4.83 · 1 bedroom · 1 bed · 1 bath,17219224,Caleb And Keely,,Ward 2,44.92394,-123.04143,Entire home/apt,65,30,53,2023-09-05,0.91,1,112,4,
30442754,Cottage in Salem · ★4.85 · 1 bedroom · 2 beds · 1 bath,228558574,Bill & Aimee,,Ward 7,44.91849,-123.04551,Entire home/apt,135,2,107,2023-09-04,1.86,1,357,25,
31907842,Guest suite in Salem · ★4.91 · 2 bedrooms · 2 beds · 1 bath,18601259,Jackie,,Ward 1,44.94718,-123.02315,Entire home/apt,87,1,342,2023-09-15,6.20,1,5,64,
32018098,Home in Salem · ★4.95 · 4 bedrooms · 4 beds · 2.5 baths,240057378,Patricia,,Ward 8,44.9706,-123.07798,Entire home/apt,299,2,119,2023-08-28,2.24,1,332,20,
32133603,Condo in Salem · ★4.81 · 2 bedrooms · 2 beds · 2 baths,142420980,Amanda,,Ward 1,44.94525,-123.03162,Entire home/apt,123,1,231,2023-09-11,4.12,7,332,67,
32640764,Home in Salem · ★4.86 · 4 bedrooms · 5 beds · 3 baths,99619504,Connie,,Ward 5,44.98383,-122.95934,Entire home/apt,355,2,79,2023-06-26,1.46,1,227,9,
33344083,Home in Salem · ★4.93 · 1 bedroom · 1 bed · 1 private bath,138796271,Jeannette,,Ward 3,44.89674,-123.02914,Private room,47,1,74,2023-09-09,1.40,1,242,29,
33528630,Guesthouse in Salem · ★4.97 · Studio · 1 bed · 1 bath,88052328,Shana,,Ward 1,44.9472,-123.02004,Entire home/apt,79,1,374,2023-09-11,7.02,1,324,88,
33901803,Home in Salem · ★4.97 · 1 bedroom · 1 bed · 1 bath,9817410,Norma,,Ward 1,44.93816,-123.02123,Entire home/apt,124,2,162,2023-09-14,3.35,1,223,40,
34158635,Home in Salem · ★4.98 · 1 bedroom · 1 bed · 1 shared bath,148795009,Evelyn,,Ward 2,44.92045,-123.03764,Private room,42,3,45,2023-07-07,0.86,2,260,10,
34604471,Guest suite in Salem · ★4.97 · Studio · 1 bed · 1 bath,8255821,Krista,,Ward 1,44.94833,-123.02856,Entire home/apt,76,1,67,2023-08-20,2.28,1,7,12,
34614134,Home in Salem · ★4.93 · 1 bedroom · 1 bed · 1 shared bath,261141361,Helen,,Ward 8,44.94958,-123.07905,Private room,33,14,27,2023-06-23,0.51,2,18,5,
34687816,Home in Salem · ★5.0 · 1 bedroom · 1 bed · 1 private bath,7975048,Darlene,,Ward 7,44.91213,-123.0642,Private room,85,1,30,2023-08-28,0.57,1,349,13,
35466555,Home in Salem · ★5.0 · 1 bedroom · 1 bed · 1 bath,32693061,Lisa,,Ward 1,44.94376,-123.01267,Entire home/apt,140,4,91,2021-08-31,1.76,1,36,0,
36353518,Guest suite in Salem · ★4.99 · 1 bedroom · 1 bed · 1 bath,116540450,Jada,,Ward 2,44.93596,-123.00985,Entire home/apt,71,1,84,2023-09-13,9.77,1,306,84,
36806045,Home in Salem · ★4.79 · 3 bedrooms · 4 beds · 1 bath,276655122,Kathie,,Ward 6,44.94848,-123.00479,Entire home/apt,179,1,99,2023-09-17,1.96,1,357,52,
37157862,Condo in Salem · ★4.82 · 2 bedrooms · 2 beds · 1 bath,142420980,Amanda,,Ward 1,44.94566,-123.03098,Entire home/apt,95,1,211,2023-09-17,4.18,7,335,55,
37723906,Condo in Salem · ★4.80 · 2 bedrooms · 2 beds · 2 baths,142420980,Amanda,,Ward 1,44.94588,-123.03087,Entire home/apt,101,1,186,2023-09-17,3.74,7,186,60,
37815385,Home in Salem · ★4.81 · 1 bedroom · 1 bed · 1 shared bath,138914826,Riley,,Ward 1,44.94474,-123.01352,Private room,35,2,110,2021-12-12,2.35,1,0,0,
38976509,Tiny home in Salem · ★4.76 · 1 bedroom · 1 bed · Half-bath,183514,Ruth,,Ward 1,44.94507,-123.01065,Entire home/apt,35,7,21,2023-05-31,0.46,1,166,1,
38980158,Home in Salem · ★4.93 · 1 bedroom · 1 bed · 2 shared baths,104054845,Jennifer,,Ward 2,44.92552,-123.03385,Private room,45,2,27,2023-07-24,0.60,4,0,7,
39128949,Home in Salem · ★4.96 · 3 bedrooms · 4 beds · 2.5 baths,283063,Robert,,Ward 7,44.91073,-123.06282,Entire home/apt,232,5,47,2023-08-28,1.02,2,76,15,
39736719,Home in Salem · 1 bedroom · 2 beds · 1 bath,283063,Robert,,Ward 7,44.91112,-123.06132,Entire home/apt,75,5,0,,,2,0,0,
39969910,Home in Salem · ★4.98 · 1 bedroom · 1 bed · 1 bath,20726798,Judy,,Ward 2,44.92886,-123.04466,Entire home/apt,99,2,102,2023-08-08,2.31,2,110,34,
40070743,Home in Salem · ★4.77 · 3 bedrooms · 3 beds · 1 bath,143942772,Tim,,Ward 5,44.9628,-123.01897,Entire home/apt,135,2,112,2023-09-14,2.42,1,140,35,
40161066,Home in Salem · 1 bedroom · 1 bed · 2 shared baths,36099394,Suzy And Jonnie,,Ward 7,44.90631,-123.04985,Private room,42,1,0,,,1,74,0,
40861468,Guest suite in Salem · ★4.76 · 1 bedroom · 2 beds · 1 bath,27758890,Cassi,,Ward 7,44.917,-123.05502,Entire home/apt,105,1,21,2023-07-31,0.47,1,319,8,
41338909,Guest suite in Salem · ★4.99 · Studio · 1 bed · 1 bath,58210782,Heather,,Ward 1,44.94401,-123.01452,Entire home/apt,90,4,84,2023-09-02,1.90,1,61,23,
41609993,Home in Salem · ★5.0 · 4 bedrooms · 4 beds · 2 baths,190791737,Jenni,,Ward 4,44.86857,-123.04213,Entire home/apt,335,2,8,2023-09-03,1.11,1,226,8,
42243993,Condo in Salem · ★4.82 · 2 bedrooms · 3 beds · 2 baths,142420980,Amanda,,Ward 1,44.9471,-123.0312,Entire home/apt,105,1,246,2023-09-11,5.87,7,311,73,
42472856,Home in Salem · ★4.80 · 1 bedroom · 1 bed · 1 shared bath,104054845,Jennifer,,Ward 2,44.92667,-123.03245,Private room,45,2,25,2023-03-20,0.80,4,0,3,
42796228,Home in Salem · ★4.79 · 3 bedrooms · 4 beds · 2 baths,4923044,Matthew,,Ward 5,44.9525,-122.99252,Entire home/apt,222,1,70,2023-02-27,1.64,1,0,6,
42817285,Townhouse in Salem · ★4.95 · 3 bedrooms · 4 beds · 1.5 baths,341037787,Joanie,,Ward 2,44.93011,-123.01908,Entire home/apt,175,2,56,2023-09-03,1.45,1,340,16,
42818351,Guest suite in Salem · ★4.87 · 1 bedroom · 1 bed · 1 bath,22810342,Michael,,Ward 1,44.947,-123.02344,Entire home/apt,113,1,78,2023-09-12,1.84,5,208,28,
42995714,Home in Salem · ★5.0 · 3 bedrooms · 3 beds · 2 baths,3705464,Andrea,,Ward 7,44.91399,-123.04763,Entire home/apt,79,30,4,2023-08-03,0.10,2,15,3,
43402510,Home in Salem · ★4.86 · 1 bedroom · 1 bed · 1 shared bath,261141361,Helen,,Ward 8,44.951,-123.08101,Private room,38,21,7,2023-01-12,0.18,2,151,2,
43582845,Home in Salem · ★4.94 · 1 bedroom · 1 bed · 1 bath,97331039,Brandon,,Ward 1,44.94468,-123.05472,Entire home/apt,130,1,123,2023-09-14,6.41,2,70,74,
45791126,Home in Salem · ★4.92 · 4 bedrooms · 5 beds · 2.5 baths,78391796,Faith,,Ward 3,44.88788,-123.01672,Entire home/apt,215,3,137,2023-08-25,3.86,1,138,36,
46030321,Camper/RV in Salem · 1 bed · Half-bath,126369803,Eric,,Ward 1,44.94539,-123.01041,Entire home/apt,40,1,0,,,1,0,0,
46299140,Home in Salem · ★5.0 · 2 bedrooms · 2 beds · 1 private bath,3705464,Andrea,,Ward 7,44.91554,-123.0515,Private room,37,30,9,2023-08-05,0.27,2,125,2,
46656862,Home in Salem · ★4.95 · 1 bedroom · 1 bed · 1 private bath,24633740,Mina,,Ward 1,44.94944,-123.05623,Private room,60,1,40,2022-11-04,1.28,1,0,6,
46883743,Home in Salem · ★4.82 · 3 bedrooms · 3 beds · 2 baths,378740541,Ashley,,Ward 4,44.88229,-123.00453,Entire home/apt,240,2,57,2023-09-17,1.72,1,87,4,
47091813,Rental unit in Salem · ★4.76 · 1 bedroom · 1 bed · 1 bath,51012505,Amanda,,Ward 1,44.93828,-123.02178,Entire home/apt,80,30,29,2022-11-29,0.88,4,136,10,
47185169,Guesthouse in Salem · ★4.84 · 1 bedroom · 1 bed · 1 bath,381131161,Tressa,,Ward 7,44.92853,-123.04838,Entire home/apt,78,1,140,2023-09-03,4.20,1,63,46,
47308994,Condo in Salem · ★4.70 · 1 bedroom · 1 bed · 1 bath,16551601,Dan N Fay,,Ward 8,44.94332,-123.08595,Entire home/apt,165,2,30,2023-06-18,1.16,1,252,6,
47958424,Rental unit in Salem · ★5.0 · 1 bedroom · 1 bed · 1 bath,102278503,Victoria,,Ward 2,44.92648,-123.03325,Entire home/apt,95,60,3,2022-09-24,0.13,6,90,1,
47987577,Home in Salem · ★4.60 · 1 bedroom · 2 beds · 1 bath,51012505,Amanda,,Ward 1,44.93869,-123.02161,Entire home/apt,90,30,15,2023-01-11,0.56,4,179,4,
48000304,Home in Salem · ★4.92 · 2 bedrooms · 2 beds · 1 bath,12285441,Sheri,,Ward 2,44.91754,-123.0362,Entire home/apt,111,5,52,2023-09-01,1.66,1,322,12,
48138030,Guest suite in Salem · ★4.98 · 1 bedroom · 1 bed · 1 bath,45044784,Debbie,,Ward 7,44.91298,-123.06674,Entire home/apt,101,1,130,2023-09-17,4.31,3,153,54,
48384939,Guest suite in Salem · ★4.85 · 1 bedroom · 2 beds · 1 bath,57072094,Lily,,Ward 8,44.94441,-123.08543,Entire home/apt,105,2,27,2023-09-05,0.87,1,357,7,
48546846,Guest suite in Salem · ★5.0 · 1 bedroom · 2 beds · 1 bath,348921397,Kristie,,Ward 1,44.95218,-123.01199,Entire home/apt,125,2,40,2023-09-03,1.45,1,354,8,
48551936,Home in Salem · ★4.71 · 1 bedroom · 3 beds · 1 shared bath,51689419,Nick,,Ward 1,44.94465,-123.01381,Private room,89,1,48,2023-08-29,1.61,4,180,6,
48564869,Rental unit in Salem · ★5.0 · 2 bedrooms · 2 beds · 1 bath,391829961,Neil,,Ward 2,44.93158,-123.02176,Entire home/apt,95,30,9,2023-05-27,0.32,4,270,2,
49034912,Guest suite in Salem · ★4.84 · 1 bedroom · 1 bed · 1 bath,120966503,Kayla,,Ward 8,44.95977,-123.06547,Entire home/apt,112,2,79,2023-09-04,3.63,1,246,36,
50115199,Rental unit in Salem · 1 bedroom · 1 shared bath,240317686,Isabellah,,Ward 1,44.94641,-123.02134,Shared room,75,1,0,,,1,0,0,
50119734,Home in Salem · ★4.69 · 3 bedrooms · 5 beds · 2 baths,404415327,Curt,,Ward 1,44.95343,-123.01882,Entire home/apt,245,2,32,2023-09-04,1.96,1,345,22,
50349038,Rental unit in Salem · ★4.67 · 2 bedrooms · 2 beds · 1.5 baths,391829961,Neil,,Ward 7,44.90243,-123.04959,Entire home/apt,103,30,3,2022-07-03,0.14,4,264,0,
50447645,Home in Salem · ★4.88 · 3 bedrooms · 4 beds · 2 baths,407589371,Angela,,Ward 1,44.952446,-123.016159,Entire home/apt,199,2,33,2023-08-13,1.26,1,330,11,
50484701,Loft in Salem · ★4.95 · 2 bedrooms · 2 beds · 1 bath,407581863,Warren,,Ward 1,44.93923,-123.02761,Entire home/apt,149,2,57,2023-09-05,2.10,18,343,24,
50599685,Loft in Salem · ★4.97 · 2 bedrooms · 2 beds · 1 bath,407581863,Warren,,Ward 1,44.941975,-123.039902,Entire home/apt,189,3,39,2023-09-09,1.44,18,335,16,
50664432,Home in Salem · ★3.80 · 1 bedroom · 1 bed · 1.5 shared baths,51689419,Nick,,Ward 1,44.94516,-123.01186,Private room,79,1,5,2023-07-24,0.19,4,365,1,
50665003,Home in Salem · ★3.67 · 1 bedroom · 1 bed · 1.5 shared baths,51689419,Nick,,Ward 1,44.94461,-123.01253,Private room,74,1,6,2023-07-23,0.22,4,365,2,
50673630,Bed and breakfast in Salem · 1 bedroom · 1 private bath,10502090,Jean,,Ward 2,44.93433,-123.02127,Private room,126,2,2,2022-05-20,0.08,3,166,0,
50877729,Loft in Salem · ★4.90 · 2 bedrooms · 3 beds · 1 bath,407581863,Warren,,Ward 1,44.940449,-123.041534,Entire home/apt,179,2,21,2023-08-26,0.88,18,356,3,
50919816,Home in Salem · ★4.86 · 2 bedrooms · 3 beds · 1 bath,258249548,Jessica,,Ward 5,44.96519,-122.99727,Entire home/apt,150,2,36,2023-09-02,1.44,1,340,11,
50996786,Rental unit in Salem · 2 bedrooms · 2 beds · 1 bath,391829961,Neil,,Ward 2,44.91025,-123.02871,Entire home/apt,105,30,2,2022-05-01,0.09,4,265,0,
51004299,Townhouse in Salem · ★4.80 · 2 bedrooms · 2 beds · 1 bath,407581863,Warren,,Ward 1,44.938416,-123.023468,Entire home/apt,159,2,54,2023-09-11,2.10,18,349,28,
51019464,Home in Salem · ★4.50 · 3 bedrooms · 3 beds · 1.5 baths,407581863,Warren,,Ward 2,44.913837,-123.038841,Entire home/apt,159,3,8,2023-07-24,0.32,18,300,5,
51021341,Loft in Salem · ★4.83 · 2 bedrooms · 2 beds · 1 bath,407581863,Warren,,Ward 1,44.93974,-123.0425,Entire home/apt,149,2,35,2023-09-09,1.41,18,348,15,
51022955,Guesthouse in Salem · ★4.65 · 1 bedroom · 1 bed · 1 bath,407581863,Warren,,Ward 7,44.918655,-123.064087,Entire home/apt,109,2,43,2023-08-12,1.66,18,348,10,
51104836,Home in Salem · ★5.0 · 2 bedrooms · 2 beds · 1 private bath,45044784,Debbie,,Ward 7,44.91069,-123.06503,Private room,115,1,21,2023-06-18,0.82,3,0,2,
51268205,Townhouse in Salem · ★4.82 · 3 bedrooms · 3 beds · 2.5 baths,124085149,Ray,,Ward 4,44.87008,-123.01817,Entire home/apt,146,2,77,2023-09-13,3.27,1,238,42,
51332824,Guest suite in Salem · ★4.94 · 1 bedroom · 2 beds · 1 bath,299107336,Don,,Ward 8,44.94938,-123.08683,Entire home/apt,98,2,78,2023-09-12,3.02,1,333,31,
51445226,Tent in Salem · ★5.0 · 1 bedroom · 2 beds · 1 shared bath,241338749,Stephanie,,Ward 7,44.8739,-123.07536,Private room,45,1,5,2022-09-04,0.19,1,0,0,
51498765,Cottage in Salem · ★4.98 · 2 bedrooms · 2 beds · 1 bath,84296528,Lillian,,Ward 7,44.89906,-123.09695,Entire home/apt,243,1,158,2023-09-07,6.14,2,141,88,
51580229,Rental unit in Salem · 1 bedroom · 1 bed · 1 bath,102278503,Victoria,,Ward 2,44.92546,-123.03167,Entire home/apt,59,60,2,2022-11-09,0.12,6,267,1,
51773506,casa particular in Salem · ★4.83 · 1 bedroom · 1 bed · 1.5 shared baths,419419268,Cecile,,Ward 4,44.86902,-123.04274,Private room,75,3,18,2023-08-20,0.72,2,365,4,
51783712,casa particular in Salem · ★4.86 · 1 bedroom · 1 bed · 1 shared bath,419419268,Cecile,,Ward 4,44.86858,-123.04299,Private room,100,7,21,2022-07-18,0.84,2,365,0,
51863196,Home in Salem · ★5.0 · 1 bedroom · 1 bed · 1 shared bath,104054845,Jennifer,,Ward 2,44.92656,-123.0338,Private room,40,2,6,2023-04-11,0.83,4,0,6,
51909986,Condo in Salem · ★4.83 · 1 bedroom · 1 bed · 1 bath,142420980,Amanda,,Ward 1,44.94778,-123.03133,Entire home/apt,73,30,18,2023-07-01,0.83,7,265,13,
52149787,Rental unit in Salem · 2 bedrooms · 2 beds · 1 bath,407581863,Warren,,Ward 1,44.941902,-123.04007,Entire home/apt,99,14,1,2022-10-01,0.08,18,230,1,
52354445,Condo in Salem · ★4.79 · 2 bedrooms · 2 beds · 1 bath,142420980,Amanda,,Ward 1,44.94767,-123.03143,Entire home/apt,88,1,66,2023-09-02,2.91,7,88,33,
53188670,Home in Salem · ★4.89 · 2 bedrooms · 2 beds · 1 bath,185354594,Aimee,,Ward 1,44.95312,-123.02356,Entire home/apt,119,1,44,2023-09-17,4.73,2,280,44,
53256374,Home in Salem · ★5.0 · 2 bedrooms · 1 bath,51012505,Amanda,,Ward 1,44.93872,-123.02157,Entire home/apt,120,30,8,2023-02-11,0.36,4,136,4,
53546584,Home in Salem · ★4.88 · 1 bedroom · 1 bed · 1 private bath,386940608,Cynthia,,Ward 2,44.92391,-123.03135,Private room,55,1,118,2023-09-17,5.46,1,0,50,
53927608,Home in Salem · ★4.75 · 1 bedroom · 1 bed · 1 bath,379732841,Amy,,Ward 7,44.91419,-123.04934,Entire home/apt,83,3,4,2023-05-02,0.19,1,62,2,
54056293,Home in Salem · 3 bedrooms · 3 beds · 2 baths,438086831,Oleg,,Ward 7,44.88874,-123.05089,Entire home/apt,175,4,2,2022-07-30,0.11,8,67,0,
54092629,Home in Salem · ★5.0 · 1 bedroom · 1 bed · 2.5 shared baths,92687697,Tauren,,Ward 1,44.93541,-123.02083,Private room,49,30,4,2022-12-17,0.21,6,145,2,
54093080,Home in Salem · ★5.0 · 1 bedroom · 1 bed · 2.5 shared baths,92687697,Tauren,,Ward 1,44.93694,-123.02043,Private room,57,30,5,2022-11-19,0.27,6,76,1,
54093259,Home in Salem · ★4.60 · 1 bedroom · 1 bed · 2.5 shared baths,92687697,Tauren,,Ward 1,44.93706,-123.01977,Private room,48,30,5,2023-07-29,0.28,6,136,3,
54093296,Home in Salem · ★5.0 · 1 bedroom · 1 bed · 2.5 shared baths,92687697,Tauren,,Ward 2,44.93502,-123.02052,Private room,53,30,4,2023-07-31,0.21,6,180,1,
54093317,Home in Salem · ★5.0 · 1 bedroom · 1 bed · 3.5 baths,92687697,Tauren,,Ward 1,44.93629,-123.01931,Private room,68,30,6,2023-08-10,0.34,6,180,2,
54095800,Home in Salem · ★4.90 · 2 bedrooms · 2 beds · 1 bath,341269792,Renae,,Ward 7,44.89272,-123.05777,Entire home/apt,152,2,21,2023-07-30,1.30,1,325,14,
54181067,Home in Salem · ★5.0 · 1 bedroom · 1 bed · 1 shared bath,438086831,Oleg,,Ward 7,44.8888,-123.04945,Private room,61,2,7,2022-05-15,0.35,8,0,0,
54182557,Home in Salem · ★4.83 · 4 bedrooms · 4 beds · 3.5 baths,301586216,Gene,,Ward 5,44.99752,-122.96874,Entire home/apt,300,3,12,2023-08-27,0.78,2,332,11,
54298128,Home in Salem · ★5.0 · 1 bedroom · 1 bed · 2 baths,438086831,Oleg,,Ward 7,44.89012,-123.05124,Private room,65,2,5,2022-05-16,0.25,8,0,0,
54298325,Home in Salem · ★5.0 · 1 bedroom · 1 bed · 1 shared bath,438086831,Oleg,,Ward 7,44.8901,-123.04936,Private room,61,2,3,2022-05-01,0.15,8,0,0,
554979564451017024,Rental unit in Salem · ★5.0 · 1 bedroom · 1 bed · 1 bath,142420980,Amanda,,Ward 1,44.94584,-123.03176,Entire home/apt,78,30,6,2023-05-02,0.34,7,303,4,
565639133635114859,Home in Salem · ★5.0 · 4 bedrooms · 4 beds · 3.5 baths,45044784,Debbie,,Ward 7,44.91388,-123.06543,Entire home/apt,564,1,24,2023-09-10,1.40,3,349,14,
571217279528206547,Home in Salem · ★4.91 · 3 bedrooms · 3 beds · 1 bath,407581863,Warren,,Ward 1,44.951057,-123.010674,Entire home/apt,144,2,23,2023-08-25,1.28,18,0,15,
572042860728365603,Guest suite in Salem · ★4.56 · 1 bedroom · 3 beds · 1 bath,25417117,Tiffany,,Ward 8,44.94722,-123.07447,Entire home/apt,101,1,50,2023-08-05,2.71,1,171,26,
573159601656563571,Guest suite in Salem · 1 bedroom · 1 bed · 1 bath,51012505,Amanda,,Ward 8,44.95026,-123.08469,Entire home/apt,90,30,1,2022-06-17,0.07,4,147,0,
573939723498729158,Guesthouse in Salem · ★5.0 · 1 bedroom · 1 bed · 1 bath,141403844,Rachel,,Ward 1,44.94279,-123.01585,Entire home/apt,56,28,7,2023-07-29,0.42,1,149,5,
583694758993198434,Home in Salem · ★4.78 · 6 bedrooms · 7 beds · 3 baths,165330582,Roddy,,Ward 8,44.94942,-123.0792,Entire home/apt,263,1,76,2023-09-03,4.19,1,189,46,
586351092417840398,Home in Salem · ★4.38 · 3 bedrooms · 3 beds · 2 baths,407581863,Warren,,Ward 2,44.913921,-123.04184,Entire home/apt,169,3,8,2023-09-03,2.14,18,75,8,
588674620465539061,Home in Salem · ★4.93 · 2 bedrooms · 2 beds · 1 bath,407581863,Warren,,Ward 2,44.926373,-123.023994,Entire home/apt,159,2,14,2023-09-15,0.94,18,356,12,
589036744025791254,Home in Salem · ★4.81 · 2 bedrooms · 3 beds · 1 bath,111798177,Bryan,,Ward 1,44.94362,-123.01642,Entire home/apt,109,2,37,2023-03-31,2.08,1,334,12,
590845550474281367,Home in Salem · ★4.80 · 2 bedrooms · 2 beds · 1 bath,407581863,Warren,,Ward 2,44.926338,-123.024155,Entire home/apt,159,2,10,2023-08-21,0.76,18,348,8,
592702230820536944,Rental unit in Salem · ★5.0 · 2 bedrooms · 2 beds · 1 bath,391829961,Neil,,Ward 2,44.93067,-123.02231,Entire home/apt,94,30,4,2023-08-25,0.27,4,345,3,
594312136958704712,Townhouse in Salem · ★4.97 · 2 bedrooms · 2.5 baths,444961038,Mark & Svetlana,,Ward 4,44.86921,-123.0174,Entire home/apt,141,2,70,2023-08-30,3.93,2,232,45,
594378636886993787,Rental unit in Salem · ★5.0 · 1 bedroom · 1 bed · 1 bath,172368364,Ellen,,Ward 2,44.93557,-123.0255,Entire home/apt,178,1,23,2023-09-13,1.70,10,289,20,
594378674176058095,Rental unit in Salem · ★5.0 · 1 bedroom · 1 bed · 1 bath,172368364,Ellen,,Ward 2,44.93519,-123.0254,Entire home/apt,162,1,14,2023-04-06,0.94,10,228,7,
597102190121690062,Guest suite in Salem · ★4.87 · 1 bedroom · 1 bed · 1 bath,22810342,Michael,,Ward 1,44.94788,-123.02258,Entire home/apt,99,1,38,2023-08-20,2.53,5,338,21,
597152408679630910,Home in Salem · ★4.79 · 2 bedrooms · 3 beds · 1 bath,71531506,Jolie,,Ward 2,44.93189,-123.01289,Entire home/apt,136,2,72,2023-09-01,4.53,4,303,57,
597774178813498790,Guest suite in Salem · ★4.95 · 1 bedroom · 1 bed · 1 bath,22810342,Michael,,Ward 1,44.94764,-123.02227,Entire home/apt,99,1,39,2023-09-09,2.66,5,179,28,
599149964482178933,Rental unit in Salem · ★4.85 · 1 bedroom · 2 beds · 1 bath,453023058,Diana,,Ward 1,44.9413,-123.03948,Entire home/apt,143,1,75,2023-09-14,5.06,1,160,62,
608221513985952006,Home in Salem · 2 bedrooms · 2 beds · 1 bath,42853709,Annie,,Ward 2,44.91913,-123.03433,Entire home/apt,101,5,2,2023-03-20,0.28,2,15,2,
615341342147571495,Home in Salem · ★4.98 · 2 bedrooms · 3 beds · 1.5 baths,22694722,Heather,,Ward 7,44.91102,-123.04864,Entire home/apt,188,2,64,2023-09-09,4.40,1,168,48,
616749636817529939,Home in Salem · ★3.90 · 1 bedroom · 1 bed · 1 private bath,202348074,Mark,,Ward 6,44.94545,-122.97299,Private room,80,1,10,2023-06-18,0.61,1,365,3,
627040863803737509,Home in Salem · ★4.98 · 1 bedroom · 1 bed · 1 shared bath,438592492,Viviane,,Ward 8,44.945293,-123.073303,Private room,49,1,111,2023-09-17,7.66,4,348,97,
628202912314539345,Home in Salem · ★4.96 · 1 bedroom · 1 bed · 1 private bath,438592492,Viviane,,Ward 8,44.94646,-123.07231,Private room,59,1,73,2023-09-17,4.74,4,331,57,
632033859737692079,Guest suite in Salem · ★4.64 · 1 bedroom · 2 beds · 1 bath,71531506,Jolie,,Ward 2,44.93158,-123.01167,Entire home/apt,99,1,25,2023-09-01,1.69,4,198,17,
636875938004032351,Home in Salem · 2 bedrooms · 2 beds · 1 private bath,75914095,Stacy,,Ward 1,44.948193,-123.061142,Private room,296,1,1,2022-06-26,0.07,1,365,0,
638534831759766829,Rental unit in Salem · 1 bedroom · 1 bed · 1 bath,102278503,Victoria,,Ward 2,44.925831,-123.031693,Entire home/apt,63,60,2,2023-07-16,0.17,6,180,2,
641487920022488174,Home in Salem · 1 bedroom · 1 bed · 1.5 baths,462449843,Yvonne,,Ward 8,44.94581,-123.08474,Private room,45,30,1,2022-06-24,0.07,5,276,0,
642268829856491847,Home in Salem · ★4.92 · 3 bedrooms · 3 beds · 2 baths,59330448,Jillian,,Ward 8,44.95054,-123.0655,Entire home/apt,136,3,61,2023-09-03,5.30,1,114,61,
642711245360783931,Home in Salem · ★5.0 · 1 bedroom · 1 bed · 1.5 baths,462449843,Yvonne,,Ward 8,44.94524,-123.08427,Private room,52,31,3,2022-06-25,0.19,5,260,0,
643423043957099940,Home in Salem · ★4.92 · 1 bedroom · 1 bed · 1.5 shared baths,462449843,Yvonne,,Ward 8,44.94665,-123.08558,Private room,50,10,13,2022-09-10,0.84,5,163,0,
643441015195418684,Home in Salem · ★5.0 · 1 bedroom · 1 bed · 1.5 shared baths,462449843,Yvonne,,Ward 8,44.94599,-123.08465,Private room,41,31,11,2023-08-24,0.72,5,365,1,
643459728596793786,Home in Salem · ★5.0 · 1 bedroom · 1 bed · 1.5 shared baths,462449843,Yvonne,,Ward 8,44.94517,-123.08434,Private room,36,31,3,2023-09-05,0.21,5,320,1,
645798569213587399,Rental unit in Salem · 1 bedroom · 1 bed · 1 bath,102278503,Victoria,,Ward 2,44.92623,-123.03224,Entire home/apt,100,60,2,2023-09-01,0.17,6,364,2,
646390898420903521,Home in Salem · 1 bedroom · 1 bed · 1 shared bath,169326565,Malia,,Ward 7,44.87675,-123.07192,Private room,60,1,0,,,1,0,0,
647232541551978262,Serviced apartment in Salem · ★4.75 · 2 bedrooms · 2 beds · 1 bath,407581863,Warren,,Ward 1,44.94216611404998,-123.04039767406616,Entire home/apt,99,9,4,2023-07-31,0.31,18,197,3,
647232620270342292,Serviced apartment in Salem · ★4.74 · 1 bedroom · 1 bed · 1 bath,407581863,Warren,,Ward 7,44.9176551,-123.0476086,Entire home/apt,109,2,19,2023-07-19,1.31,18,359,13,
651626098802980554,Home in Salem · ★4.71 · 1 bedroom · 1 bed · 1 private bath,464792669,Alisa,,Ward 8,44.9376998,-123.0658797,Private room,62,1,14,2023-07-23,0.95,3,90,8,
652223274363434611,Home in Salem · 1 bedroom · 1 bed · 1 bath,105875570,Brad,,Ward 3,44.8992,-123.01843,Entire home/apt,75,30,2,2023-09-01,1.22,1,3,2,
657469130359434129,Home in Salem · ★4.91 · 3 bedrooms · 5 beds · 2 baths,71531506,Jolie,,Ward 2,44.93341,-123.0119,Entire home/apt,159,2,47,2023-08-28,3.19,4,206,33,
660452755793663391,Home in Salem · ★4.57 · 3 bedrooms · 3 beds · 2 baths,466851648,Nurideen,,Ward 4,44.8814709,-123.0350232,Entire home/apt,150,2,14,2023-08-23,0.97,1,0,10,
666964316062811600,Home in Salem · ★5.0 · 1 bedroom · 1 bed · 1 bath,392515648,Pedro,,Ward 3,44.90171,-123.01905,Entire home/apt,150,2,28,2023-09-17,2.16,1,315,25,
669110199791378485,Home in Salem · ★4.95 · 3 bedrooms · 5 beds · 2 baths,34958322,Thu,,Ward 4,44.87803,-123.0429,Entire home/apt,201,2,40,2023-08-29,2.85,1,113,30,
671909400670994248,Home in Salem · ★5.0 · 1 bedroom · 1 bed · 1 shared bath,464792669,Alisa,,Ward 8,44.93872,-123.06706,Private room,58,1,4,2023-07-14,0.32,3,90,2,
673484120312585648,Home in Salem · ★4.94 · 1 bedroom · 1 bed · 1 shared bath,438592492,Viviane,,Ward 8,44.94567,-123.07367,Private room,50,1,80,2023-09-17,5.66,4,0,57,
688599973174128793,Guesthouse in Salem · ★4.97 · 3 bedrooms · 3 beds · 2 baths,215058058,Josh And Carlie,,Ward 8,44.94331,-123.06883,Entire home/apt,192,2,32,2023-09-04,2.41,1,346,25,
688700628998389796,Rental unit in Salem · ★5.0 · Studio · 2 beds · 1 bath,172368364,Ellen,,Ward 2,44.93499,-123.02361,Entire home/apt,97,1,8,2023-08-31,0.79,10,298,8,
690073662897501308,Vacation home in Salem · 1 bedroom · 1 bed · 1 bath,407581863,Warren,,Ward 8,44.95028,-123.06548,Entire home/apt,85,29,2,2022-11-13,0.16,18,313,2,
694880773128927057,Rental unit in Salem · ★4.88 · 1 bedroom · 1 bed · 1 bath,172368364,Ellen,,Ward 2,44.93366,-123.02555,Entire home/apt,133,1,8,2023-07-01,0.72,10,307,8,
695144434640162822,Home in Salem · ★4.79 · 1 bedroom · 1 bed · 1 shared bath,464792669,Alisa,,Ward 8,44.93664,-123.06636,Private room,50,1,24,2023-08-27,1.98,3,79,24,
703706236478091861,Home in Salem · ★4.96 · 4 bedrooms · 4 beds · 2 baths,97331039,Brandon,,Ward 2,44.93213,-123.04027,Entire home/apt,322,2,24,2023-09-10,3.81,2,154,24,
705746441768318341,Home in Salem · ★4.90 · 3 bedrooms · 3 beds · 2 baths,86630509,Rishel,,Ward 7,44.88549,-123.05494,Entire home/apt,156,2,30,2023-09-03,2.84,1,316,30,
706503284491725806,Home in Salem · 1 bedroom · 1 bed · 1 bath,38853605,Marie,,Ward 2,44.9241,-123.03845,Entire home/apt,85,28,0,,,1,137,0,
709450458031626843,Home in Salem · 3 bedrooms · 2 beds · 2.5 baths,93180176,Jordan,,Ward 8,44.97524,-123.08137,Entire home/apt,480,2,1,2023-07-24,0.53,1,0,1,
714534719251759279,Home in Salem · ★5.0 · 2 bedrooms · 1 bed · 1 bath,22810342,Michael,,Ward 1,44.9464,-123.02336,Entire home/apt,109,1,22,2023-09-08,4.00,5,298,22,
719704523910815941,Home in Salem · ★5.0 · 2 bedrooms · 3 beds · 1 bath,41156732,Stacey And Justin,,Ward 2,44.91937,-123.03304,Entire home/apt,165,90,4,2023-01-15,0.44,1,132,4,
724837583191069847,Home in Salem · ★4.30 · 2 bedrooms · 2 beds · 1 bath,481185544,Avery,,Ward 2,44.92911,-123.01237,Entire home/apt,148,3,10,2023-07-30,0.92,1,84,10,
726233407413033368,Home in Salem · ★4.91 · 1 bedroom · 1 bed · 1 private bath,481027695,Diane,,Ward 8,44.97789,-123.08079,Private room,57,1,11,2023-08-30,0.97,6,81,11,
726986905174669875,Home in Salem · ★5.0 · 1 bedroom · 1 bed · 1 shared bath,481027695,Diane,,Ward 8,44.97832,-123.08122,Private room,43,2,9,2023-08-23,1.59,6,83,9,
727081711794948492,Home in Salem · ★5.0 · 1 bedroom · 1 bed · 1 shared bath,481027695,Diane,,Ward 8,44.97899,-123.07916,Private room,44,2,3,2023-08-22,0.58,6,80,3,
728177657754369166,Rental unit in Salem · ★5.0 · 1 bedroom · 1 bed · 1 bath,172368364,Ellen,,Ward 2,44.93468,-123.02634,Entire home/apt,92,1,6,2023-09-11,0.65,10,309,6,
730661192567919286,Guest suite in Salem · ★4.90 · Studio · 3 beds · 1 bath,103777868,Andrew,,Ward 1,44.94887,-123.02684,Entire home/apt,86,1,51,2023-09-15,5.35,1,6,51,
731178778661576057,Home in Salem · 2 bedrooms · 2 beds · 1 private bath,482377919,Oluwatoyin Abi,,Ward 7,44.89387,-123.06039,Private room,61,1,0,,,1,0,0,
731437149026597310,Home in Salem · ★5.0 · 3 bedrooms · 4 beds · 1 bath,36091512,Cam,,Ward 2,44.92671,-123.03387,Entire home/apt,184,1,31,2023-07-09,4.72,1,136,31,
732035440886016868,Home in Salem · ★5.0 · 2 bedrooms · 3 beds · 1 shared bath,481027695,Diane,,Ward 8,44.97427,-123.07761,Private room,79,2,6,2023-07-10,0.52,6,60,6,
732202642428754592,Home in Salem · 1 bedroom · 1 bed · 1 shared bath,209809216,Hannah,,Ward 4,44.8802,-123.01555,Private room,60,30,0,,,2,266,0,
734928705811848578,Condo in Salem · ★4.95 · 2 bedrooms · 2 beds · 1 bath,444961038,Mark & Svetlana,,Ward 7,44.89807,-123.05709,Entire home/apt,119,2,22,2023-07-24,1.95,2,3,22,
739339593342158838,Rental unit in Salem · ★4.82 · 3 bedrooms · 3 beds · 1.5 baths,84296528,Lillian,,Ward 1,44.9477,-123.03418,Entire home/apt,180,2,56,2023-09-04,5.09,2,0,56,
741268950953419301,Home in Salem · ★4.97 · 3 bedrooms · 4 beds · 2 baths,334297061,Christopher,,Ward 2,44.91265,-123.03953,Entire home/apt,165,1,66,2023-09-15,7.42,1,139,66,
741373589140804006,Home in Salem · ★5.0 · 3 bedrooms · 3 beds · 2 baths,193893330,Darren,,Ward 7,44.88592,-123.06353,Entire home/apt,265,2,8,2023-09-04,0.90,1,354,8,
742691488451181450,Home in Salem · 3 bedrooms · 3 beds · 2 baths,438086831,Oleg,,Ward 3,44.88832,-123.04831,Entire home/apt,170,4,2,2023-08-08,1.25,8,286,2,
742712444659853643,Home in Salem · 1 bedroom · 1 bed · 2 baths,438086831,Oleg,,Ward 3,44.88922,-123.04823,Private room,60,2,0,,,8,0,0,
742734313268207655,Home in Salem · 1 bedroom · 1 bed · 1 shared bath,438086831,Oleg,,Ward 3,44.88907,-123.04839,Private room,56,2,0,,,8,0,0,
742742669593103146,Home in Salem · 1 bedroom · 1 bed · 1 shared bath,438086831,Oleg,,Ward 3,44.88822,-123.04652,Private room,56,2,0,,,8,0,0,
743424855382175966,Home in Salem · 2 bedrooms · 2 beds · 1 bath,484644417,Cassandra,,Ward 1,44.9555,-123.02207,Entire home/apt,109,30,1,2023-07-31,0.60,1,77,1,
745182968152467380,Rental unit in Salem · ★4.75 · 2 bedrooms · 2 beds · 1 bath,407581863,Warren,,Ward 8,44.95010036197599,-123.06663334484612,Entire home/apt,99,29,4,2023-08-06,1.06,18,365,4,
749513190648603576,Rental unit in Salem · ★4.86 · 1 bedroom · 2 beds · 1 bath,9377039,Nicole,,Ward 1,44.94139,-123.04149,Entire home/apt,71,2,14,2023-03-28,1.35,1,0,14,
751613443453571574,Home in Salem · ★4.81 · 4 bedrooms · 5 beds · 2.5 baths,79580279,Michelle,,Ward 4,44.87604,-123.04944,Entire home/apt,301,2,16,2023-08-07,1.50,1,326,16,
752266632164894604,Home in Salem · ★5.0 · 1 bedroom · 1 bed · 1 shared bath,75807577,Aleksey,,Ward 8,44.94182,-123.09014,Private room,55,1,7,2023-09-05,1.42,2,60,7,
753598614543801989,Home in Salem · 1 bedroom · 1 bed · 1 shared bath,90022661,Cathy,,Ward 8,44.94745,-123.0706,Private room,48,7,0,,,2,87,0,
754373380258186954,Home in Salem · 1 bedroom · 1 bed · 1 private bath,486617372,Luz,,Ward 7,44.89461644178575,-123.0681398883462,Private room,51,31,0,,,3,365,0,
754579778573268788,Home in Salem · 1 bedroom · 1 bed · 1 private bath,486617372,Luz,,Ward 7,44.89465063792065,-123.0681412294507,Private room,74,30,0,,,3,363,0,
754582963829236445,Home in Salem · 2 bedrooms · 2 beds · 2 baths,486617372,Luz,,Ward 7,44.89513,-123.06924,Entire home/apt,150,31,0,,,3,364,0,
755760729813143533,Camper/RV in Salem · ★5.0 · 3 beds · 1 bath,13080515,Kevin,,Ward 8,44.9579415,-123.0677044,Entire home/apt,130,2,8,2023-07-30,2.58,1,352,8,
755877635014519688,Guest suite in Salem · ★4.99 · 1 bedroom · 1 bed · 1 bath,113898124,Ali,,Ward 1,44.9443125,-123.0184035,Entire home/apt,69,1,113,2023-09-13,11.23,1,124,113,
759442242389416627,Home in Salem · ★4.89 · 2 bedrooms · 2 beds · 1 bath,487570886,Grace,,Ward 1,44.94391,-123.02325,Entire home/apt,204,3,27,2023-09-03,2.73,1,343,27,
760795746288752682,Townhouse in Salem · ★4.57 · 3 bedrooms · 5 beds · 2 baths,121688409,Evolve,,Ward 1,44.94055,-123.06113,Entire home/apt,152,2,7,2023-08-28,1.24,5,333,7,
761020547818487329,Rental unit in Salem · ★5.0 · 1 bedroom · 2 beds · 1 bath,172368364,Ellen,,Ward 2,44.93306,-123.02622,Entire home/apt,172,1,10,2023-07-22,1.13,10,180,10,
764824593397783983,Home in Salem · 2 bedrooms · 2 beds · 1 bath,42853709,Annie,,Ward 2,44.9186,-123.03485,Entire home/apt,90,28,1,2022-12-27,0.11,2,115,1,
769880376869091272,Home in Salem · ★4.67 · 2 bedrooms · 3 beds · 1.5 baths,301586216,Gene,,Ward 5,44.99778,-122.96779,Entire home/apt,190,2,6,2023-09-04,0.69,2,190,6,
773233500037900360,Rental unit in Salem · ★4.85 · 1 bedroom · 2 beds · 1 bath,169574079,Natalia,,Ward 8,44.94725,-123.0664,Entire home/apt,113,2,20,2023-08-27,2.25,1,173,20,
785111814066982837,Rental unit in Salem · ★5.0 · 1 bedroom · 1 bed · 1 bath,172368364,Ellen,,Ward 2,44.9332,-123.02578,Entire home/apt,119,1,7,2023-09-04,1.71,10,292,7,
788585810103310697,Home in Salem · ★4.85 · 1 bedroom · 1 bed · 1.5 baths,492547889,Delphin,,Ward 8,44.93905,-123.08766,Private room,55,1,13,2023-08-15,1.53,4,343,13,
788773706653168717,Home in Salem · ★4.88 · 1 bedroom · 1 bed · 1.5 shared baths,492547889,Delphin,,Ward 8,44.94094,-123.08656,Private room,45,1,16,2023-08-21,2.08,4,113,16,
789063398447948387,Home in Salem · ★4.95 · 1 bedroom · 1 bed · 1.5 shared baths,492547889,Delphin,,Ward 8,44.94066,-123.08617,Private room,45,1,20,2023-09-12,2.29,4,360,20,
789101243357990362,Home in Salem · ★4.90 · 1 bedroom · 1 bed · 1.5 shared baths,492547889,Delphin,,Ward 8,44.94114,-123.08658,Private room,44,1,20,2023-09-11,2.34,4,361,20,
791161699187192972,Home in Salem · 1 bedroom · 1 bed · 1 private bath,203625468,Jet,,Ward 6,44.93455,-122.96621,Private room,50,1,0,,,1,54,0,
792942008294249400,Rental unit in Salem · ★4.78 · 1 bedroom · 1 bed · 1 shared bath,104708472,Sara And Adam,,Ward 8,44.9331536,-123.0757819,Private room,47,1,37,2023-09-17,5.16,2,354,37,
794308784932483504,Home in Salem · 2 bedrooms · 3 beds · 1 bath,347121104,Sandy,,Ward 2,44.9321243,-123.0122532,Entire home/apt,70,30,0,,,1,351,0,
794878332309051603,Camper/RV in Salem · 1 bedroom · 1 bed · 1 bath,78967890,Monica,,Ward 3,44.88706,-123.01526,Entire home/apt,167,1,0,,,1,365,0,
806288048006012567,Home in Salem · ★4.91 · 4 bedrooms · 6 beds · 2 baths,396254527,Joey,,Ward 8,44.95056,-123.08401,Entire home/apt,258,1,23,2023-09-04,3.03,1,163,23,
808194120211324072,Home in Salem · 1 bedroom · 1 bed · 1 shared bath,22810342,Michael,,Ward 1,44.9473097,-123.0227252,Private room,49,1,1,2023-02-08,0.13,5,0,1,
810766448445502535,Home in Salem · 6 bedrooms · 6 beds · 4 baths,80131610,Nolan,,Ward 8,44.94248,-123.08218,Entire home/apt,320,25,0,,,1,364,0,
810859442087199945,Home in Salem · ★5.0 · 2 bedrooms · 2 beds · 1 private bath,4486930,Dave,,Ward 4,44.87631,-123.01107,Private room,84,1,16,2023-09-11,2.10,1,306,16,
813243880088849894,Home in Salem · ★4.85 · 4 bedrooms · 5 beds · 2 baths,31939089,Crystal,,Ward 8,44.9496,-123.07804,Entire home/apt,189,2,13,2023-08-20,2.91,1,238,13,
816813871990227817,Bungalow in Salem · ★New · 1 bedroom · 1 bed · 1.5 shared baths,48181873,Lori,,Ward 2,44.92751,-123.04166,Private room,39,1,0,,,1,263,0,
817681633787447256,Home in Salem · 1 bedroom · 1 bed · 1 shared bath,90022661,Cathy,,Ward 8,44.94644,-123.06974,Private room,46,7,0,,,2,277,0,
827548266483650690,Home in Salem · 3 bedrooms · 3 beds · 3 baths,241891578,Cindy,,Ward 2,44.91622,-123.04389,Entire home/apt,235,3,1,2023-07-29,0.58,1,254,1,
830476298498556306,Home in Salem · 4 bedrooms · 4 beds · 2.5 baths,501841211,Natalia,,Ward 8,44.94627,-123.08086,Entire home/apt,250,2,0,,,1,42,0,
830639024177165470,Home in Salem · 1 bedroom · 1 bed · 1 shared bath,75807577,Aleksey,,Ward 8,44.94349,-123.08887,Private room,140,1,0,,,2,88,0,
833674720971649531,Home in Salem · ★4.89 · 3 bedrooms · 4 beds · 2 baths,502550988,Jeremy Katie,,Ward 4,44.8753724,-123.0064593,Entire home/apt,257,3,9,2023-09-04,2.57,1,354,9,
839883334335939725,Home in Salem · ★5.0 · 1 bedroom · 2 beds · 1 bath,503850131,April,,Ward 1,44.95711,-123.02425,Entire home/apt,67,28,3,2023-09-10,0.65,1,275,3,
850643329762179893,Home in Salem · ★4.91 · 2 bedrooms · 2 beds · 2 baths,82842488,Ellie,,Ward 1,44.95429,-123.02218,Entire home/apt,120,2,11,2023-09-10,1.82,2,26,11,
855806067414163604,Home in Salem · ★5.0 · 2 bedrooms · 2 beds · 1 bath,507175573,Carolina,,Ward 4,44.86549,-123.02784,Entire home/apt,63,7,20,2023-09-02,3.70,1,147,20,
857214783368672872,Home in Salem · 1 bedroom · 1 bed · 1 private bath,132897916,Carly,,Ward 1,44.9516186,-123.0100824,Private room,85,1,1,2023-04-23,0.20,1,355,1,
861729148076222174,Home in Salem · ★New · 1 bedroom · 1 bed · 1 bath,152226669,Jan,,Ward 1,44.9473209,-123.0125245,Entire home/apt,99,7,0,,,1,220,0,
864070817456517350,Home in Salem · ★5.0 · 2 bedrooms · 2 beds · 2 baths,20726798,Judy,,Ward 7,44.92897,-123.04883,Entire home/apt,131,2,12,2023-09-11,2.98,2,322,12,
867761913106641727,Home in Salem · ★5.0 · 1 bedroom · 1 bed · 1 private bath,438592492,Viviane,,Ward 8,44.94438,-123.07447,Private room,70,1,12,2023-08-23,2.40,4,200,12,
867946212558850078,Bungalow in Salem · ★4.50 · 3 bedrooms · 4 beds · 2 baths,373042041,RedAwning,,Ward 1,44.9427,-123.0645,Entire home/apt,168,1,6,2023-09-11,1.65,1,358,6,
872021545628032191,Home in Salem · ★5.0 · 1 bedroom · 1 bed · 1 private bath,82842488,Ellie,,Ward 1,44.95445,-123.02275,Private room,50,1,15,2023-09-01,3.41,2,30,15,
876054772380531897,Home in Salem · 1 bedroom · 1 bed · 1 bath,511101385,Kathy,,Ward 8,44.9551,-123.06422,Private room,44,1,0,,,2,363,0,
876233759536872549,Home in Salem · 1 bedroom · 1 bed · 1.5 baths,511101385,Kathy,,Ward 8,44.95358,-123.06437,Private room,44,1,1,2023-09-05,1,2,362,1,
876915394470090281,Home in Salem · 1 bedroom · 1 bed · 1 bath,209809216,Hannah,,Ward 4,44.87999,-123.01542,Private room,60,7,0,,,2,180,0,
877125872041222077,Home in Salem · ★4.80 · 1 bedroom · 1 bed · 1 shared bath,511640085,Temmy,,Ward 3,44.89751,-123.01843,Private room,51,30,5,2023-07-31,1.17,4,324,5,
877658091658459638,Home in Salem · ★New · 3 bedrooms · 3 beds · 2.5 baths,511767626,Terii,,Ward 8,44.97961879805293,-123.07793425431241,Entire home/apt,175,30,0,,,1,353,0,
882799180409115624,Home in Salem · ★5.0 · 1 bedroom · 1 bed · 1.5 shared baths,511640085,Temmy,,Ward 3,44.89923,-123.01781,Private room,51,30,9,2023-07-13,2.18,4,167,9,
884180917950592711,Home in Salem · ★4.0 · 2 bedrooms · 2 beds · 1 bath,71531506,Jolie,,Ward 1,44.94339,-123.05802,Entire home/apt,100,1,3,2023-06-04,0.75,4,255,3,
884989724537503362,Home in Salem · ★4.79 · 1 bedroom · 1 bed · 1 bath,101238555,Matthew,,Ward 5,44.96319091310014,-123.02471336137694,Entire home/apt,110,1,14,2023-09-10,3.47,1,349,14,
885681916651485487,Rental unit in Salem · ★4.83 · 2 bedrooms · 2 beds · 1 bath,407581863,Warren,,Ward 8,44.9499511,-123.0664312,Entire home/apt,99,29,6,2023-08-15,1.57,18,329,6,
886611536944423269,Home in Salem · ★5.0 · 1 bedroom · 2 beds · 1 private bath,62453529,Suray,,Ward 1,44.94146,-123.01389,Private room,58,1,23,2023-09-13,7.93,1,47,23,
888396962230249550,Home in Salem · ★4.67 · 1 bedroom · 1 bed · 1 private bath,514118645,Jason,,Ward 6,44.9415976,-122.9652579,Private room,53,1,3,2023-09-14,0.73,1,90,3,
888899181543923100,Home in Salem · 3 bedrooms · 3 beds · 2.5 baths,121688409,Evolve,,Ward 8,44.94962,-123.0745,Entire home/apt,86,30,1,2023-07-21,0.50,5,231,1,
889966005426329317,Home in Salem · ★5.0 · 1 bedroom · 1 bed · 1.5 baths,511640085,Temmy,,Ward 3,44.89901,-123.01733,Private room,50,30,5,2023-08-18,2.00,4,107,5,
892810816797554474,Rental unit in Salem · 2 bedrooms · 2 beds · 2 baths,172368364,Ellen,,Ward 2,44.93293,-123.02485,Entire home/apt,341,1,0,,,10,352,0,
892940160111786654,Rental unit in Salem · 2 bedrooms · 3 beds · 2 baths,172368364,Ellen,,Ward 2,44.93336,-123.02552,Entire home/apt,341,1,0,,,10,261,0,
893580661543655022,Home in Salem · 1 bedroom · 1 bed · 1 shared bath,515254126,Annie,,Ward 4,44.88055,-123.05912,Private room,57,3,2,2023-07-23,0.68,3,288,2,
893687763022008613,Home in Salem · ★4.79 · 1 bedroom · 1 bed · 1 private bath,162327303,Emily,,Ward 7,44.88716,-123.07452,Private room,56,1,19,2023-07-27,5.33,1,127,19,
897489875960315712,Home in Salem · 2 bedrooms · 2 beds · 1 bath,92687697,Tauren,,Ward 2,44.92688,-123.02575,Entire home/apt,76,30,0,,,6,63,0,
902324810119347109,Home in Salem · 1 bedroom · 2 beds · 1.5 baths,211531844,Patricia,,Ward 3,44.89806,-123.01797,Entire home/apt,110,30,0,,,1,317,0,
902457816972831762,Home in Salem · ★4.75 · 1 bedroom · 1 bed · 1.5 shared baths,511640085,Temmy,,Ward 3,44.89719,-123.01814,Private room,44,30,4,2023-07-16,1.21,4,361,4,
903054722891689337,Home in Salem · ★5.0 · 1 bedroom · 1 bed · 1 shared bath,515254126,Annie,,Ward 4,44.88022,-123.05771,Private room,56,3,5,2023-09-04,1.61,3,344,5,
903234066582777229,Home in Salem · ★4.67 · 1 bedroom · 1 bed · 1 private bath,499016867,Erik,,Ward 2,44.90515,-123.02477,Private room,59,1,12,2023-09-10,3.56,1,80,12,
905063314509119927,Rental unit in Salem · ★5.0 · 1 bedroom · 1 bed · 1 bath,172368364,Ellen,,Ward 2,44.93584488424979,-123.02526645153685,Entire home/apt,101,1,4,2023-09-15,4,10,334,4,
905105641152936374,Guesthouse in Salem · ★5.0 · 2 bedrooms · 3 beds · 1 bath,60075613,Tm,,Ward 1,44.94042,-123.06202,Entire home/apt,144,30,6,2023-08-27,1.98,1,305,6,
907245853340904581,Rental unit in Salem · 1 bedroom · 1 bed · 1 bath,110982974,Erika,,Ward 1,44.93807,-123.02209,Entire home/apt,82,30,0,,,4,314,0,
914675670096115524,Home in Salem · ★5.0 · 1 bedroom · 1 bed · 1 private bath,481027695,Diane,,Ward 8,44.97638,-123.07842,Private room,46,1,3,2023-08-27,1.32,6,38,3,
917730620810962896,Home in Salem · ★5.0 · 1 bedroom · 1 bed · 1 shared bath,481027695,Diane,,Ward 8,44.97423,-123.07711,Private room,28,1,8,2023-08-15,2.70,6,48,8,
924812489868419755,Home in Salem · ★5.0 · 3 bedrooms · 3 beds · 2 baths,185354594,Aimee,,Ward 4,44.87489245980944,-123.03182670998407,Entire home/apt,201,1,21,2023-09-16,9.40,2,319,21,
925267262945548430,Home in Salem · 3 bedrooms · 3 beds · 1 bath,515254126,Annie,,Ward 4,44.8809932,-123.0580437,Entire home/apt,202,3,0,,,3,247,0,
928390682494921231,Rental unit in Salem · 1 bedroom · 1 bed · 1 bath,110982974,Erika,,Ward 1,44.9393172486177,-123.0240248896189,Entire home/apt,80,30,0,,,4,187,0,
931879154152102082,Rental unit in Salem · 1 bedroom · 1 bed · 1 bath,60657639,Aaron,,Ward 1,44.95159090784005,-123.05501362022423,Entire home/apt,60,21,1,2023-07-29,0.58,1,166,1,
932610926479615793,Home in Salem · ★New · 1 bedroom · 1 bed · 1 shared bath,278780394,Hana,,Ward 4,44.866317486817216,-123.01767723084482,Private room,50,1,0,,,1,230,0,
940519920294000963,Home in Salem · ★New · 3 bedrooms · 4 beds · 1.5 baths,433003282,Molly,,Ward 3,44.9083435739987,-123.03297786483603,Entire home/apt,181,2,0,,,1,116,0,
944239619811799457,Hotel in Salem · ★New · 1 bedroom · 2 beds · 1 bath,174792040,RoomPicks By Victoria,,Ward 1,44.94025727853421,-123.04064312333946,Private room,213,1,0,,,4,187,0,
944239759178729066,Hotel in Salem · ★New · 1 bedroom · 2 beds · 1 bath,174792040,RoomPicks By Victoria,,Ward 1,44.93899095824553,-123.04017879296964,Private room,251,1,0,,,4,186,0,
944240004233767146,Hotel in Salem · ★New · 1 bedroom · 1 bed · 1 bath,174792040,RoomPicks By Victoria,,Ward 1,44.93855378219285,-123.04188654396741,Private room,213,1,0,,,4,187,0,
944240204719053540,Hotel in Salem · ★New · 1 bedroom · 1 bed · 1 bath,174792040,RoomPicks By Victoria,,Ward 1,44.93857674580939,-123.04145583970184,Private room,251,1,0,,,4,187,0,
948094948480953023,Home in Salem · ★New · 3 bedrooms · 4 beds · 2 baths,529126435,Emerson,,Ward 8,44.97147434722641,-123.08041825875036,Entire home/apt,200,2,1,2023-09-10,1,1,17,1,
951500215302447845,Home in Salem · ★New · 3 bedrooms · 3 beds · 2.5 baths,529688077,Erin,,Ward 2,44.943444701349364,-123.00094250589609,Entire home/apt,160,30,0,,,2,264,0,
959982345538518329,Home in Salem · ★New · 3 bedrooms · 3 beds · 2 baths,531884241,Sarah,,Ward 1,44.9459701,-123.0307205,Private room,50,28,0,,,1,269,0,
960808666567411152,Townhouse in Salem · ★New · 2 bedrooms · 2 beds · 1 bath,121688409,Evolve,,Ward 8,44.97068,-123.06689,Entire home/apt,75,30,0,,,5,308,0,
962451979454046427,Townhouse in Salem · ★New · 2 bedrooms · 2 beds · 1 bath,121688409,Evolve,,Ward 8,44.97063,-123.06687,Entire home/apt,75,30,0,,,5,329,0,
963091009110131153,Guesthouse in Salem · ★New · 1 bedroom · 1 bed · 1 bath,529688077,Erin,,Ward 2,44.943346,-123.001106,Entire home/apt,68,30,0,,,2,106,0,
963820257077642548,Home in Salem · ★New · 2 bedrooms · 2 beds · 1 bath,110982974,Erika,,Ward 2,44.93052759618409,-123.01905542406317,Entire home/apt,85,2,2,2023-09-10,2,4,170,2,
963904378134465272,Home in Salem · ★New · 2 bedrooms · 2 beds · 1 bath,407581863,Warren,,Ward 1,44.93821024048494,-123.02288692750857,Entire home/apt,159,2,0,,,18,345,0,
968253864438370837,Home in Salem · ★New · 1 bedroom · 1 bed · 1 bath,110982974,Erika,,Ward 2,44.93137739610006,-123.01943053004902,Entire home/apt,86,2,0,,,4,175,0,
969720740624261109,Home in Salem · ★5.0 · 3 bedrooms · 2 beds · 2 baths,22820809,Andrew,,Ward 4,44.87772793131671,-123.03562991910825,Entire home/apt,153,1,3,2023-09-10,3,1,0,3,
973250417747743557,Home in Salem · ★New · 3 bedrooms · 3 beds · 1 bath,45301799,Cathy And Mitch,,Ward 1,44.9510502,-123.0106565,Entire home/apt,160,2,0,,,1,254,0,
973353330084354751,Guesthouse in Salem · ★New · 1 bedroom · 2 beds · 2 baths,535538793,Tal,,Ward 1,44.94034,-123.06089,Entire home/apt,108,7,0,,,1,352,0,
973415498486129541,Home in Salem · ★New · 1 bedroom · 1 bed · 2 baths,504838412,Rebecca,,Ward 1,44.947041480726334,-123.00677679529143,Private room,42,1,0,,,1,249,0,
975376282364060160,Home in Salem · ★New · 1 bedroom · 1 bed · 1 bath,114023175,Isaac,,Ward 8,44.98374919928776,-123.08935225178611,Private room,44,1,0,,,1,0,0,
975397357741805293,Camper/RV in Salem · ★New · 1 bedroom · 5 beds · 1 bath,180066003,Brittany,,Ward 4,44.879113616632736,-123.01876209676266,Entire home/apt,100,1,0,,,1,165,0,
976272697715304567,Home in Salem · ★New · 1 bedroom · 1 bed · 1 bath,104054845,Jennifer,,Ward 2,44.924971508053886,-123.03273352603104,Private room,40,2,0,,,4,56,0,
976291489201115657,Home in Salem · ★New · 1 bedroom · 1 bed · 1 bath,536204548,Jeff &Amp; Missy,,Ward 1,44.94598270330573,-123.013459998846,Entire home/apt,160,1,0,,,1,356,0,
